event,sequence_id,start_control_tick,sample_count,generated_time_s,producer_compute_time_s,available_time_s,link_latency_s,mode,startup_prefill,delivered_time_s,active_sequence_id,next_sequence_id,time_s,control_tick
block_generated,0,0,25,0.0,0.00032460002694278955,0.0,0.004,NORMAL,True,,,,,
block_generated,1,25,25,0.0,0.00022130005527287722,0.0,0.004,NORMAL,True,,,,,
block_received,0,0,,,,0.0,,,,0.0,,,,
block_received,1,25,,,,0.0,,,,0.0,,,,
active_next_prefill_ready,,,,,,,,,,,0,1,0.0,
active_swap,1,,,,,,,,,,,,0.05,25
block_generated,2,50,25,0.05,0.0002442999975755811,0.05424429999757559,0.004,NORMAL,False,,,,,
block_received,2,50,,,,0.05424429999757559,,,,0.056,,,,
active_swap,2,,,,,,,,,,,,0.1,50
block_generated,3,75,25,0.1,0.00022529996931552887,0.10422529996931554,0.004,NORMAL,False,,,,,
block_received,3,75,,,,0.10422529996931554,,,,0.106,,,,
active_swap,3,,,,,,,,,,,,0.15,75
block_generated,4,100,25,0.15,0.0002188000362366438,0.15421880003623664,0.004,NORMAL,False,,,,,
block_received,4,100,,,,0.15421880003623664,,,,0.156,,,,
active_swap,4,,,,,,,,,,,,0.2,100
block_generated,5,125,25,0.2,0.0002185999182984233,0.20421859991829844,0.004,NORMAL,False,,,,,
block_received,5,125,,,,0.20421859991829844,,,,0.20600000000000002,,,,
active_swap,5,,,,,,,,,,,,0.25,125
block_generated,6,150,25,0.25,0.00022060004994273186,0.25422060004994274,0.004,NORMAL,False,,,,,
block_received,6,150,,,,0.25422060004994274,,,,0.256,,,,
active_swap,6,,,,,,,,,,,,0.3,150
block_generated,7,175,25,0.3,0.0002172000240534544,0.30421720002405345,0.004,NORMAL,False,,,,,
block_received,7,175,,,,0.30421720002405345,,,,0.306,,,,
active_swap,7,,,,,,,,,,,,0.35000000000000003,175
block_generated,8,200,25,0.35000000000000003,0.000215300009585917,0.35421530000958595,0.004,NORMAL,False,,,,,
block_received,8,200,,,,0.35421530000958595,,,,0.356,,,,
active_swap,8,,,,,,,,,,,,0.4,200
block_generated,9,225,25,0.4,0.00028119992930442095,0.40428119992930445,0.004,NORMAL,False,,,,,
block_received,9,225,,,,0.40428119992930445,,,,0.406,,,,
active_swap,9,,,,,,,,,,,,0.45,225
block_generated,10,250,25,0.45,0.0002199000446125865,0.4542199000446126,0.004,NORMAL,False,,,,,
block_received,10,250,,,,0.4542199000446126,,,,0.456,,,,
active_swap,10,,,,,,,,,,,,0.5,250
block_generated,11,275,25,0.5,0.00021239998750388622,0.5042123999875039,0.004,NORMAL,False,,,,,
block_received,11,275,,,,0.5042123999875039,,,,0.506,,,,
active_swap,11,,,,,,,,,,,,0.55,275
block_generated,12,300,25,0.55,0.0002142000012099743,0.55421420000121,0.004,NORMAL,False,,,,,
block_received,12,300,,,,0.55421420000121,,,,0.556,,,,
active_swap,12,,,,,,,,,,,,0.6,300
block_generated,13,325,25,0.6,0.00021159998141229153,0.6042115999814123,0.004,NORMAL,False,,,,,
block_received,13,325,,,,0.6042115999814123,,,,0.606,,,,
active_swap,13,,,,,,,,,,,,0.65,325
block_generated,14,350,25,0.65,0.00021299999207258224,0.6542129999920726,0.004,NORMAL,False,,,,,
block_received,14,350,,,,0.6542129999920726,,,,0.656,,,,
active_swap,14,,,,,,,,,,,,0.7000000000000001,350
block_generated,15,375,25,0.7000000000000001,0.00021410000044852495,0.7042141000004486,0.004,NORMAL,False,,,,,
block_received,15,375,,,,0.7042141000004486,,,,0.706,,,,
active_swap,15,,,,,,,,,,,,0.75,375
block_generated,16,400,25,0.75,0.00027630000840872526,0.7542763000084087,0.004,NORMAL,False,,,,,
block_received,16,400,,,,0.7542763000084087,,,,0.756,,,,
active_swap,16,,,,,,,,,,,,0.8,400
block_generated,17,425,25,0.8,0.0002172000240534544,0.8042172000240535,0.004,NORMAL,False,,,,,
block_received,17,425,,,,0.8042172000240535,,,,0.806,,,,
active_swap,17,,,,,,,,,,,,0.85,425
block_generated,18,450,25,0.85,0.00023660005535930395,0.8542366000553593,0.004,NORMAL,False,,,,,
block_received,18,450,,,,0.8542366000553593,,,,0.856,,,,
active_swap,18,,,,,,,,,,,,0.9,450
block_generated,19,475,25,0.9,0.00022120005451142788,0.9042212000545115,0.004,NORMAL,False,,,,,
block_received,19,475,,,,0.9042212000545115,,,,0.906,,,,
active_swap,19,,,,,,,,,,,,0.9500000000000001,475
block_generated,20,500,25,0.9500000000000001,0.00021630001720041037,0.9542163000172005,0.004,NORMAL,False,,,,,
block_received,20,500,,,,0.9542163000172005,,,,0.9560000000000001,,,,
